<?xml version="1.0" encoding="UTF-8"?>
<project-private xmlns="http://www.netbeans.org/ns/project-private/1">
    <editor-bookmarks xmlns="http://www.netbeans.org/ns/editor-bookmarks/2" lastBookmarkId="0"/>
    <open-files xmlns="http://www.netbeans.org/ns/projectui-open-files/2">
        <group>
            <file>file:/C:/Users/decei/Desktop/Actual%20Capstone%20Following%20MVC/JavaMedical/src/javamedical/PatientHomepageController.java</file>
            <file>file:/C:/Users/decei/Desktop/Actual%20Capstone%20Following%20MVC/JavaMedical/src/javamedical/objects/Appointment.java</file>
            <file>file:/C:/Users/decei/Desktop/Actual%20Capstone%20Following%20MVC/JavaMedical/src/javamedical/Database.java</file>
            <file>file:/C:/Users/decei/Desktop/Actual%20Capstone%20Following%20MVC/JavaMedical/src/javamedical/objects/Patient.java</file>
        </group>
    </open-files>
</project-private>
